{"mean":{"confidence_interval":{"confidence_level":0.95,"lower_bound":22922913.288174998,"upper_bound":23084515.958225},"point_estimate":23000263.569,"standard_error":41286.76999795191},"median":{"confidence_interval":{"confidence_level":0.95,"lower_bound":22642843.5,"upper_bound":22660552.5},"point_estimate":22651194.5,"standard_error":3867.037677644635},"median_abs_dev":{"confidence_interval":{"confidence_level":0.95,"lower_bound":104801.26710690558,"upper_bound":125805.27946650982},"point_estimate":114983.7822586298,"standard_error":5220.8584132063015},"slope":null,"std_dev":{"confidence_interval":{"confidence_level":0.95,"lower_bound":1069166.42673782,"upper_bound":1521619.8702839625},"point_estimate":1303531.297828667,"standard_error":115639.14065854005}}