{"mean":{"confidence_interval":{"confidence_level":0.95,"lower_bound":61907257.536775,"upper_bound":62010357.53095},"point_estimate":61954886.426,"standard_error":26337.64890806378},"median":{"confidence_interval":{"confidence_level":0.95,"lower_bound":61976307.5,"upper_bound":61999991.0},"point_estimate":61987340.5,"standard_error":5687.3987609453525},"median_abs_dev":{"confidence_interval":{"confidence_level":0.95,"lower_bound":185963.99729847908,"upper_bound":270083.97699505085},"point_estimate":219513.01080286503,"standard_error":23061.62120774253},"slope":null,"std_dev":{"confidence_interval":{"confidence_level":0.95,"lower_bound":517282.67435575963,"upper_bound":1128146.2803290382},"point_estimate":835045.2217981587,"standard_error":155889.56606381584}}