{"mean":{"confidence_interval":{"confidence_level":0.95,"lower_bound":6308234.718,"upper_bound":6313360.87125},"point_estimate":6310745.889,"standard_error":1310.1661545304678},"median":{"confidence_interval":{"confidence_level":0.95,"lower_bound":6302399.0,"upper_bound":6306131.0},"point_estimate":6304538.0,"standard_error":920.4326865251278},"median_abs_dev":{"confidence_interval":{"confidence_level":0.95,"lower_bound":23595.578581094742,"upper_bound":27895.85980474949},"point_estimate":25630.447044968605,"standard_error":1092.7496979618215},"slope":null,"std_dev":{"confidence_interval":{"confidence_level":0.95,"lower_bound":35954.738573133305,"upper_bound":47366.70431347434},"point_estimate":41137.57308213224,"standard_error":2967.0141409464363}}