{"mean":{"confidence_interval":{"confidence_level":0.95,"lower_bound":128140507.14182499,"upper_bound":129111724.47277501},"point_estimate":128619561.212,"standard_error":248176.72413217046},"median":{"confidence_interval":{"confidence_level":0.95,"lower_bound":124343918.0,"upper_bound":124804465.5},"point_estimate":124502925.0,"standard_error":118066.75077289142},"median_abs_dev":{"confidence_interval":{"confidence_level":0.95,"lower_bound":2868442.5078749657,"upper_bound":3595205.6019723415},"point_estimate":3143233.51739645,"standard_error":184372.00487617223},"slope":null,"std_dev":{"confidence_interval":{"confidence_level":0.95,"lower_bound":7279826.858362828,"upper_bound":8421055.999126622},"point_estimate":7850959.342454597,"standard_error":292204.72672892286}}