{"mean":{"confidence_interval":{"confidence_level":0.95,"lower_bound":145997744.795125,"upper_bound":147403458.395175},"point_estimate":146693549.478,"standard_error":358721.89924234553},"median":{"confidence_interval":{"confidence_level":0.95,"lower_bound":142120421.0,"upper_bound":143483254.0},"point_estimate":142728586.0,"standard_error":344739.1535189379},"median_abs_dev":{"confidence_interval":{"confidence_level":0.95,"lower_bound":11647825.48928976,"upper_bound":14398801.619782668},"point_estimate":12678183.841717243,"standard_error":712089.5988131092},"slope":null,"std_dev":{"confidence_interval":{"confidence_level":0.95,"lower_bound":10850973.074138395,"upper_bound":11853799.448478283},"point_estimate":11345180.414081033,"standard_error":256404.78246516208}}