{"mean":{"confidence_interval":{"confidence_level":0.95,"lower_bound":6840020.116025,"upper_bound":6854772.1664},"point_estimate":6847131.827,"standard_error":3760.797951136715},"median":{"confidence_interval":{"confidence_level":0.95,"lower_bound":6812986.0,"upper_bound":6817413.5},"point_estimate":6814358.0,"standard_error":1228.088231772667},"median_abs_dev":{"confidence_interval":{"confidence_level":0.95,"lower_bound":23439.90558385849,"upper_bound":29508.298471122955},"point_estimate":25459.948047995567,"standard_error":1605.7947370226188},"slope":null,"std_dev":{"confidence_interval":{"confidence_level":0.95,"lower_bound":98208.62770705034,"upper_bound":138348.36954154779},"point_estimate":118640.20189680725,"standard_error":10285.04130940152}}