{"mean":{"confidence_interval":{"confidence_level":0.95,"lower_bound":17292284.167925,"upper_bound":17357329.27875},"point_estimate":17322955.356,"standard_error":16657.288654145337},"median":{"confidence_interval":{"confidence_level":0.95,"lower_bound":17192306.0,"upper_bound":17198352.0},"point_estimate":17194024.0,"standard_error":1503.4924662525382},"median_abs_dev":{"confidence_interval":{"confidence_level":0.95,"lower_bound":43017.638236284256,"upper_bound":53237.19985485077},"point_estimate":47226.73956155777,"standard_error":2505.0500282359203},"slope":null,"std_dev":{"confidence_interval":{"confidence_level":0.95,"lower_bound":387683.7521875422,"upper_bound":655797.0653770353},"point_estimate":526776.3074826715,"standard_error":68634.09470521144}}