{"mean":{"confidence_interval":{"confidence_level":0.95,"lower_bound":17995977.93005,"upper_bound":18022216.2373},"point_estimate":18008685.924,"standard_error":6686.767462650578},"median":{"confidence_interval":{"confidence_level":0.95,"lower_bound":17948008.0,"upper_bound":17956077.5},"point_estimate":17951964.5,"standard_error":2091.8071551210423},"median_abs_dev":{"confidence_interval":{"confidence_level":0.95,"lower_bound":57031.17318749428,"upper_bound":66834.88404594362},"point_estimate":61606.4767062664,"standard_error":2519.6054147248},"slope":null,"std_dev":{"confidence_interval":{"confidence_level":0.95,"lower_bound":179329.61848979176,"upper_bound":243208.64706060788},"point_estimate":212080.48395547149,"standard_error":16237.734582082752}}