{"mean":{"confidence_interval":{"confidence_level":0.95,"lower_bound":133278872.053,"upper_bound":133746902.271},"point_estimate":133507675.739,"standard_error":119543.44247774692},"median":{"confidence_interval":{"confidence_level":0.95,"lower_bound":131815309.5,"upper_bound":131945501.5},"point_estimate":131885246.5,"standard_error":31690.38614395516},"median_abs_dev":{"confidence_interval":{"confidence_level":0.95,"lower_bound":567030.7381331921,"upper_bound":750428.4104747325},"point_estimate":654688.7202769518,"standard_error":45554.55050048073},"slope":null,"std_dev":{"confidence_interval":{"confidence_level":0.95,"lower_bound":3298568.6925007375,"upper_bound":4269698.601555982},"point_estimate":3778069.3974013766,"standard_error":248286.36236112993}}