{"mean":{"confidence_interval":{"confidence_level":0.95,"lower_bound":156868827.931,"upper_bound":158015979.323125},"point_estimate":157452061.275,"standard_error":293543.3028027442},"median":{"confidence_interval":{"confidence_level":0.95,"lower_bound":159783383.0,"upper_bound":159932493.5},"point_estimate":159864608.5,"standard_error":36934.487209755855},"median_abs_dev":{"confidence_interval":{"confidence_level":0.95,"lower_bound":1133706.393572688,"upper_bound":1338782.5871318579},"point_estimate":1244328.3667087555,"standard_error":51603.485825775635},"slope":null,"std_dev":{"confidence_interval":{"confidence_level":0.95,"lower_bound":8378470.613366371,"upper_bound":10047428.413742462},"point_estimate":9240504.265496733,"standard_error":426737.1005483577}}