{"mean":{"confidence_interval":{"confidence_level":0.95,"lower_bound":19454719.602,"upper_bound":19486739.187525},"point_estimate":19470316.06,"standard_error":8177.9321975098965},"median":{"confidence_interval":{"confidence_level":0.95,"lower_bound":19385827.5,"upper_bound":19392619.5},"point_estimate":19388392.0,"standard_error":1812.0239825525066},"median_abs_dev":{"confidence_interval":{"confidence_level":0.95,"lower_bound":64028.28523077071,"upper_bound":78227.92354367673},"point_estimate":70608.08244645596,"standard_error":3730.3068155782935},"slope":null,"std_dev":{"confidence_interval":{"confidence_level":0.95,"lower_bound":223643.5118933407,"upper_bound":294060.54391445685},"point_estimate":259129.03310957382,"standard_error":17956.876089252582}}