{"mean":{"confidence_interval":{"confidence_level":0.95,"lower_bound":7042525.334100001,"upper_bound":7076946.87715},"point_estimate":7059086.672,"standard_error":8775.302941361126},"median":{"confidence_interval":{"confidence_level":0.95,"lower_bound":6981269.5,"upper_bound":6986104.0},"point_estimate":6984375.0,"standard_error":1265.228112602729},"median_abs_dev":{"confidence_interval":{"confidence_level":0.95,"lower_bound":13939.404952526093,"upper_bound":20662.995833158493},"point_estimate":16969.839298725128,"standard_error":1730.1024551481532},"slope":null,"std_dev":{"confidence_interval":{"confidence_level":0.95,"lower_bound":227009.55192536462,"upper_bound":324219.03633279225},"point_estimate":277525.1929089098,"standard_error":24849.244809792744}}