{"mean":{"confidence_interval":{"confidence_level":0.95,"lower_bound":22357872.864,"upper_bound":22429857.240675},"point_estimate":22391726.354,"standard_error":18460.010771948295},"median":{"confidence_interval":{"confidence_level":0.95,"lower_bound":22257323.5,"upper_bound":22264522.0},"point_estimate":22261380.5,"standard_error":1660.053623563487},"median_abs_dev":{"confidence_interval":{"confidence_level":0.95,"lower_bound":66879.17672015728,"upper_bound":80886.20676398277},"point_estimate":74848.31837117672,"standard_error":3433.495824051627},"slope":null,"std_dev":{"confidence_interval":{"confidence_level":0.95,"lower_bound":439189.99732147483,"upper_bound":725368.6271701144},"point_estimate":586381.8311937136,"standard_error":72952.41673950266}}