{"mean":{"confidence_interval":{"confidence_level":0.95,"lower_bound":7112806.275549999,"upper_bound":7125814.038},"point_estimate":7119080.36,"standard_error":3315.958024275063},"median":{"confidence_interval":{"confidence_level":0.95,"lower_bound":7087718.5,"upper_bound":7092162.0},"point_estimate":7089446.5,"standard_error":1115.4576356987964},"median_abs_dev":{"confidence_interval":{"confidence_level":0.95,"lower_bound":20172.25524187088,"upper_bound":24909.90345776081},"point_estimate":22213.054105639458,"standard_error":1236.5390954892382},"slope":null,"std_dev":{"confidence_interval":{"confidence_level":0.95,"lower_bound":87693.62900372208,"upper_bound":120576.29855671115},"point_estimate":104576.06821644239,"standard_error":8392.625117005966}}