{"mean":{"confidence_interval":{"confidence_level":0.95,"lower_bound":8493650.41,"upper_bound":8536077.53},"point_estimate":8513586.644,"standard_error":10896.697701382736},"median":{"confidence_interval":{"confidence_level":0.95,"lower_bound":8438589.0,"upper_bound":8442296.0},"point_estimate":8440338.0,"standard_error":954.6510270834123},"median_abs_dev":{"confidence_interval":{"confidence_level":0.95,"lower_bound":22691.192597150803,"upper_bound":27479.990512132645},"point_estimate":25199.751752614975,"standard_error":1290.3621551965225},"slope":null,"std_dev":{"confidence_interval":{"confidence_level":0.95,"lower_bound":249247.34500699048,"upper_bound":434269.4398962908},"point_estimate":345738.49691689794,"standard_error":47317.37019547101}}