{"mean":{"confidence_interval":{"confidence_level":0.95,"lower_bound":6017325.313,"upper_bound":6027713.38655},"point_estimate":6022421.718,"standard_error":2655.647772504467},"median":{"confidence_interval":{"confidence_level":0.95,"lower_bound":5991251.0,"upper_bound":5997863.5},"point_estimate":5994758.0,"standard_error":1659.2984551667748},"median_abs_dev":{"confidence_interval":{"confidence_level":0.95,"lower_bound":44332.704412937164,"upper_bound":54462.56873309612},"point_estimate":48180.0513446331,"standard_error":2553.210734157224},"slope":null,"std_dev":{"confidence_interval":{"confidence_level":0.95,"lower_bound":76541.8040462198,"upper_bound":90708.69831197923},"point_estimate":83520.20851779122,"standard_error":3628.2404297859603}}