{"mean":{"confidence_interval":{"confidence_level":0.95,"lower_bound":11136090.4843,"upper_bound":11153139.27055},"point_estimate":11144336.431,"standard_error":4341.466490916904},"median":{"confidence_interval":{"confidence_level":0.95,"lower_bound":11092070.0,"upper_bound":11102624.5},"point_estimate":11096373.0,"standard_error":2557.5123441126257},"median_abs_dev":{"confidence_interval":{"confidence_level":0.95,"lower_bound":37216.22453927994,"upper_bound":50740.501499176025},"point_estimate":42452.76764631271,"standard_error":3332.630242986299},"slope":null,"std_dev":{"confidence_interval":{"confidence_level":0.95,"lower_bound":113631.50383372506,"upper_bound":159820.50496464348},"point_estimate":136969.38767721024,"standard_error":11802.314103215249}}