{"mean":{"confidence_interval":{"confidence_level":0.95,"lower_bound":17456856.001,"upper_bound":17492174.503725},"point_estimate":17473911.399,"standard_error":9007.865023223863},"median":{"confidence_interval":{"confidence_level":0.95,"lower_bound":17375464.0,"upper_bound":17417973.5},"point_estimate":17394860.0,"standard_error":11636.46811260489},"median_abs_dev":{"confidence_interval":{"confidence_level":0.95,"lower_bound":84666.83669686317,"upper_bound":123529.48850691319},"point_estimate":98265.24365544319,"standard_error":11197.664081509072},"slope":null,"std_dev":{"confidence_interval":{"confidence_level":0.95,"lower_bound":238783.47620553855,"upper_bound":334413.6355219473},"point_estimate":285291.9948542118,"standard_error":24443.729996630707}}