{"mean":{"confidence_interval":{"confidence_level":0.95,"lower_bound":156536645.324,"upper_bound":157890468.657},"point_estimate":157223409.23,"standard_error":345588.90654979454},"median":{"confidence_interval":{"confidence_level":0.95,"lower_bound":160887316.5,"upper_bound":161812318.0},"point_estimate":161392441.0,"standard_error":247571.20548997668},"median_abs_dev":{"confidence_interval":{"confidence_level":0.95,"lower_bound":2783364.9909853935,"upper_bound":3958742.5996282697},"point_estimate":3286675.8061498404,"standard_error":315899.95026211825},"slope":null,"std_dev":{"confidence_interval":{"confidence_level":0.95,"lower_bound":10198526.160050485,"upper_bound":11655926.779445495},"point_estimate":10949175.462212201,"standard_error":373055.38678795815}}