{"mean":{"confidence_interval":{"confidence_level":0.95,"lower_bound":52640863.496,"upper_bound":52812045.0122},"point_estimate":52721401.253,"standard_error":43831.14191587195},"median":{"confidence_interval":{"confidence_level":0.95,"lower_bound":52378673.0,"upper_bound":52408155.5},"point_estimate":52392801.5,"standard_error":7465.968906284051},"median_abs_dev":{"confidence_interval":{"confidence_level":0.95,"lower_bound":131382.07926750183,"upper_bound":161371.3702350855},"point_estimate":145013.10342550278,"standard_error":7793.7799815794515},"slope":null,"std_dev":{"confidence_interval":{"confidence_level":0.95,"lower_bound":1028294.1294625427,"upper_bound":1712743.2142249886},"point_estimate":1382527.4157574112,"standard_error":175087.390405839}}