{"mean":{"confidence_interval":{"confidence_level":0.95,"lower_bound":147188726.996325,"upper_bound":148160422.077175},"point_estimate":147674416.042,"standard_error":247420.7900389829},"median":{"confidence_interval":{"confidence_level":0.95,"lower_bound":151399485.5,"upper_bound":151591308.0},"point_estimate":151516190.5,"standard_error":48574.028486919815},"median_abs_dev":{"confidence_interval":{"confidence_level":0.95,"lower_bound":2306299.160555005,"upper_bound":3666265.024915784},"point_estimate":2684172.3810464144,"standard_error":324626.1543393867},"slope":null,"std_dev":{"confidence_interval":{"confidence_level":0.95,"lower_bound":7510940.102583071,"upper_bound":8187574.893443524},"point_estimate":7841179.332978174,"standard_error":173142.672646042}}